Transaction_ID,Bills & Fees,Data & WiFi,Education,Emergency fund,Family & Friends,Going out,Groceries,Health,Loan Repayment,Miscellaneous,Rent / Mortgage,Shopping,Transport & Fuel
ID_00x9h2yx,0.46,0.45,0.48,0.31,0.47,0.32,0.46,0.18,0.45,0.18,0.25,0.45,0.18
ID_01db594f,0.46,0.46,0.14,0.27,0.28,0.47,0.46,0.08,0.45,0.46,0.17,0.45,0.27
ID_07pm99no,0.49,0.46,0.12,0.31,0.29,0.33,0.51,0.29,0.27,0.29,0.05,0.48,0.5
ID_09jryhkd,0.49,0.46,0.03,0.17,0.17,0.3,0.47,0.12,0.28,0.18,0.04,0.29,0.32
ID_0ccv924c,0.48,0.47,0.16,0.45,0.3,0.46,0.47,0.29,0.3,0.47,0.43,0.47,0.46
ID_0ivttwce,0.29,0.48,0.19,0.31,0.48,0.31,0.45,0.17,0.3,0.3,0.14,0.31,0.3
ID_0j1e3hks,0.49,0.46,0.03,0.29,0.16,0.31,0.48,0.13,0.16,0.3,0.08,0.47,0.48
ID_0jf2pe3w,0.49,0.46,0.01,0.27,0.17,0.29,0.48,0.24,0.17,0.29,0.04,0.28,0.49
ID_0mm4hawe,0.46,0.47,0.1,0.3,0.46,0.3,0.45,0.1,0.15,0.45,0.1,0.45,0.46
ID_0nd2x27b,0.47,0.46,0.1,0.17,0.28,0.31,0.49,0.14,0.16,0.28,0.14,0.47,0.33
ID_0s0y8i8f,0.48,0.46,0.1,0.3,0.28,0.3,0.5,0.26,0.28,0.29,0.24,0.47,0.5
ID_0s394wg4,0.48,0.46,0.1,0.29,0.29,0.3,0.5,0.16,0.28,0.28,0.13,0.46,0.51
ID_0s8q8hnm,0.46,0.45,0.05,0.46,0.46,0.17,0.45,0.34,0.17,0.3,0.23,0.45,0.29
ID_0vu9s4tx,0.49,0.47,0.01,0.28,0.16,0.29,0.48,0.13,0.17,0.3,0.08,0.45,0.49
ID_0wzvo8c5,0.49,0.45,0.05,0.28,0.17,0.29,0.48,0.26,0.28,0.29,0.19,0.46,0.48
ID_11ep14g6,0.45,0.46,0.17,0.18,0.46,0.47,0.47,0.1,0.44,0.29,0.1,0.47,0.29
ID_16dyyfqo,0.48,0.46,0.17,0.49,0.45,0.31,0.48,0.18,0.25,0.45,0.05,0.47,0.46
ID_16gprxbc,0.49,0.44,0.05,0.29,0.16,0.29,0.5,0.29,0.26,0.29,0.11,0.47,0.48
ID_16lij9xh,0.48,0.29,0.12,0.19,0.17,0.33,0.51,0.17,0.1,0.16,0.02,0.48,0.33
ID_1bx9fazh,0.47,0.47,0.14,0.46,0.46,0.47,0.48,0.3,0.44,0.43,0.27,0.47,0.46
ID_1c6j4d07,0.47,0.47,0.05,0.17,0.28,0.3,0.48,0.09,0.15,0.28,0.1,0.46,0.5
ID_1d5k5ykd,0.45,0.46,0.09,0.29,0.46,0.29,0.45,0.09,0.09,0.28,0.13,0.45,0.28
ID_1hsh1z4x,0.49,0.46,0.18,0.32,0.3,0.32,0.51,0.31,0.16,0.29,0.07,0.48,0.5
ID_1hzu14dt,0.49,0.45,0.03,0.18,0.29,0.3,0.48,0.09,0.15,0.16,0.04,0.29,0.48
ID_1iab3bqm,0.45,0.45,0.09,0.18,0.46,0.17,0.44,0.1,0.29,0.17,0.04,0.29,0.17
ID_1idktyre,0.47,0.47,0.09,0.44,0.46,0.49,0.47,0.38,0.27,0.47,0.15,0.44,0.47
ID_1jaoyv9g,0.46,0.45,0.14,0.29,0.45,0.29,0.45,0.28,0.26,0.29,0.15,0.45,0.29
ID_1jnjzhdr,0.49,0.46,0.1,0.27,0.17,0.29,0.48,0.27,0.27,0.29,0.09,0.46,0.48
ID_1uh3vz8w,0.45,0.28,0.15,0.28,0.29,0.17,0.45,0.16,0.15,0.29,0.25,0.45,0.29
ID_1yj8z7bp,0.48,0.47,0.33,0.48,0.48,0.48,0.49,0.3,0.44,0.47,0.09,0.46,0.48
ID_1ztrnc7z,0.49,0.46,0.1,0.3,0.29,0.31,0.5,0.15,0.27,0.17,0.25,0.48,0.51
ID_225w0wj5,0.46,0.47,0.29,0.31,0.45,0.47,0.48,0.29,0.16,0.29,0.09,0.29,0.29
ID_24i4hqpu,0.47,0.46,0.03,0.3,0.29,0.16,0.49,0.27,0.16,0.29,0.08,0.46,0.5
ID_24tnwq38,0.46,0.48,0.05,0.17,0.46,0.45,0.47,0.19,0.28,0.44,0.08,0.29,0.31
ID_287cta3i,0.46,0.48,0.17,0.45,0.46,0.47,0.47,0.29,0.42,0.46,0.26,0.45,0.45
ID_28qzu2wn,0.32,0.29,0.05,0.17,0.17,0.19,0.51,0.16,0.04,0.3,0.03,0.48,0.33
ID_29d3uapu,0.49,0.45,0.02,0.17,0.16,0.29,0.5,0.17,0.16,0.29,0.12,0.48,0.48
ID_2eqzpegq,0.32,0.46,0.03,0.17,0.18,0.17,0.47,0.13,0.29,0.18,0.04,0.29,0.32
ID_2gonme5r,0.45,0.45,0.15,0.44,0.46,0.45,0.45,0.46,0.44,0.45,0.27,0.45,0.46
ID_2h89w814,0.47,0.45,0.12,0.18,0.29,0.3,0.49,0.08,0.16,0.27,0.04,0.47,0.19
ID_2i284yic,0.46,0.45,0.05,0.17,0.29,0.17,0.46,0.08,0.08,0.16,0.07,0.46,0.32
ID_2rc2fy5t,0.49,0.45,0.05,0.28,0.17,0.29,0.5,0.27,0.15,0.29,0.18,0.46,0.48
ID_2xuwrm2w,0.49,0.46,0.1,0.29,0.16,0.3,0.49,0.26,0.26,0.3,0.1,0.47,0.48
ID_32k5anyk,0.49,0.45,0.17,0.3,0.28,0.3,0.52,0.28,0.15,0.28,0.29,0.49,0.48
ID_32k6k4ir,0.47,0.47,0.47,0.48,0.46,0.48,0.49,0.28,0.43,0.46,0.08,0.47,0.47
ID_33etgqjz,0.49,0.46,0.06,0.3,0.29,0.3,0.51,0.28,0.17,0.28,0.14,0.46,0.51
ID_33oqiv0p,0.48,0.46,0.04,0.27,0.16,0.29,0.48,0.25,0.29,0.29,0.09,0.45,0.49
ID_35tlah5e,0.48,0.46,0.06,0.3,0.29,0.3,0.51,0.17,0.29,0.28,0.04,0.46,0.51
ID_3c5vnugx,0.48,0.46,0.04,0.27,0.16,0.29,0.48,0.25,0.17,0.29,0.09,0.46,0.49
ID_3co0g0b1,0.48,0.47,0.16,0.46,0.46,0.51,0.49,0.44,0.43,0.45,0.24,0.46,0.46
ID_3jnvetig,0.47,0.46,0.17,0.32,0.46,0.48,0.47,0.09,0.3,0.44,0.07,0.44,0.17
ID_3kanjiwh,0.49,0.46,0.05,0.29,0.27,0.32,0.49,0.14,0.14,0.29,0.03,0.46,0.5
ID_3khkxxrg,0.49,0.47,0.11,0.32,0.29,0.31,0.5,0.08,0.16,0.3,0.07,0.48,0.51
ID_3r9jjv69,0.49,0.47,0.1,0.32,0.3,0.31,0.52,0.18,0.27,0.29,0.04,0.48,0.51
ID_3re1tikk,0.47,0.28,0.08,0.16,0.16,0.17,0.48,0.14,0.15,0.17,0.07,0.45,0.32
ID_3rtah7yu,0.49,0.46,0.11,0.31,0.29,0.33,0.51,0.28,0.17,0.29,0.14,0.49,0.51
ID_3yppy2ju,0.46,0.47,0.17,0.45,0.46,0.47,0.47,0.28,0.43,0.45,0.31,0.45,0.46
ID_40u68xpe,0.46,0.45,0.25,0.17,0.45,0.46,0.47,0.18,0.43,0.29,0.18,0.47,0.29
ID_414obsy0,0.48,0.46,0.16,0.45,0.28,0.46,0.47,0.24,0.15,0.46,0.17,0.47,0.45
ID_416hrvpe,0.48,0.46,0.05,0.17,0.29,0.3,0.51,0.14,0.28,0.28,0.07,0.46,0.32
ID_43glvgyg,0.46,0.28,0.08,0.09,0.16,0.17,0.47,0.09,0.08,0.09,0.05,0.46,0.32
ID_43xe0u4c,0.46,0.46,0.28,0.29,0.46,0.29,0.45,0.29,0.26,0.29,0.13,0.45,0.29
ID_43xyvyhs,0.48,0.46,0.03,0.29,0.29,0.32,0.49,0.07,0.08,0.29,0.04,0.45,0.5
ID_447qwpu7,0.46,0.46,0.05,0.16,0.29,0.17,0.48,0.15,0.14,0.17,0.13,0.45,0.32
ID_46djzo7m,0.47,0.46,0.04,0.44,0.3,0.31,0.45,0.27,0.29,0.45,0.26,0.43,0.3
ID_46m7z544,0.47,0.48,0.09,0.45,0.45,0.46,0.46,0.42,0.29,0.45,0.08,0.45,0.45
ID_4b8k3gms,0.45,0.46,0.15,0.18,0.46,0.47,0.47,0.18,0.42,0.3,0.16,0.47,0.3
ID_4cdhz7zg,0.47,0.45,0.04,0.17,0.29,0.17,0.48,0.17,0.15,0.16,0.05,0.45,0.32
ID_4fq99m18,0.46,0.45,0.14,0.29,0.46,0.29,0.44,0.17,0.14,0.29,0.16,0.45,0.29
ID_4grory4k,0.3,0.45,0.08,0.17,0.29,0.17,0.48,0.15,0.16,0.17,0.07,0.44,0.32
ID_4jb2bq7j,0.47,0.45,0.02,0.17,0.29,0.17,0.47,0.15,0.08,0.16,0.02,0.44,0.32
ID_4lvxf0we,0.47,0.45,0.18,0.1,0.29,0.29,0.49,0.1,0.27,0.16,0.05,0.46,0.32
ID_4lxfuit2,0.47,0.46,0.03,0.17,0.29,0.3,0.49,0.16,0.28,0.28,0.04,0.46,0.33
ID_4m3vtc2f,0.46,0.44,0.14,0.29,0.46,0.29,0.45,0.31,0.27,0.29,0.15,0.45,0.29
ID_4p8l0pmb,0.45,0.45,0.25,0.29,0.46,0.32,0.46,0.17,0.44,0.43,0.13,0.45,0.18
ID_4qtv6bfv,0.49,0.47,0.1,0.19,0.29,0.31,0.51,0.1,0.15,0.29,0.09,0.49,0.51
ID_4r8in07g,0.46,0.47,0.17,0.45,0.45,0.47,0.46,0.15,0.42,0.45,0.25,0.46,0.47
ID_4w2ihmx4,0.45,0.46,0.04,0.3,0.46,0.29,0.44,0.17,0.45,0.29,0.15,0.29,0.18
ID_56sazjky,0.49,0.45,0.1,0.29,0.16,0.31,0.5,0.25,0.26,0.3,0.18,0.46,0.47
ID_57nmx2uz,0.49,0.46,0.11,0.31,0.29,0.33,0.52,0.27,0.29,0.29,0.14,0.48,0.5
ID_5chd4yjo,0.48,0.47,0.09,0.27,0.16,0.29,0.48,0.26,0.26,0.29,0.19,0.47,0.49
ID_5ftrvtn3,0.45,0.46,0.08,0.29,0.46,0.3,0.46,0.27,0.17,0.3,0.07,0.44,0.29
ID_5io6ec10,0.47,0.46,0.02,0.43,0.29,0.46,0.46,0.26,0.44,0.47,0.04,0.45,0.45
ID_5iudvchf,0.48,0.45,0.15,0.43,0.28,0.46,0.48,0.4,0.26,0.46,0.17,0.47,0.44
ID_5o7t5mf8,0.49,0.47,0.11,0.32,0.29,0.31,0.51,0.08,0.25,0.29,0.02,0.48,0.5
ID_5q01mlnm,0.49,0.45,0.05,0.28,0.17,0.29,0.48,0.28,0.28,0.29,0.1,0.47,0.48
ID_5qc4t6x8,0.47,0.48,0.03,0.29,0.29,0.3,0.49,0.15,0.26,0.29,0.13,0.46,0.5
ID_5uk0yvur,0.46,0.47,0.03,0.47,0.45,0.46,0.45,0.16,0.29,0.45,0.07,0.44,0.45
ID_608818ir,0.45,0.46,0.28,0.28,0.46,0.29,0.45,0.27,0.27,0.29,0.13,0.44,0.29
ID_61m46502,0.48,0.46,0.05,0.29,0.28,0.3,0.5,0.16,0.29,0.28,0.16,0.47,0.51
ID_6407qdjh,0.48,0.45,0.05,0.45,0.28,0.29,0.46,0.25,0.16,0.46,0.18,0.45,0.44
ID_65ansnya,0.47,0.47,0.27,0.45,0.44,0.48,0.49,0.27,0.42,0.44,0.08,0.46,0.46
ID_66nu0fqw,0.45,0.46,0.08,0.29,0.46,0.29,0.45,0.16,0.27,0.29,0.15,0.46,0.29
ID_6d5p9y2e,0.48,0.46,0.03,0.27,0.17,0.29,0.48,0.13,0.3,0.29,0.07,0.47,0.5
ID_6d9wplkp,0.29,0.45,0.08,0.17,0.45,0.17,0.44,0.14,0.28,0.18,0.07,0.28,0.17
ID_6dl8znxv,0.49,0.47,0.1,0.19,0.29,0.31,0.52,0.1,0.15,0.29,0.01,0.48,0.5
ID_6fnnqrnu,0.48,0.47,0.1,0.3,0.29,0.31,0.52,0.27,0.28,0.28,0.25,0.47,0.51
ID_6ggrcqnv,0.45,0.46,0.03,0.3,0.46,0.17,0.44,0.07,0.04,0.29,0.03,0.44,0.16
ID_6jitepjj,0.46,0.47,0.08,0.28,0.45,0.48,0.47,0.26,0.47,0.45,0.12,0.44,0.3
ID_6kg9z3bf,0.45,0.45,0.16,0.29,0.46,0.18,0.44,0.17,0.3,0.29,0.12,0.44,0.17
ID_6kl016y9,0.45,0.46,0.16,0.29,0.46,0.29,0.45,0.09,0.3,0.29,0.12,0.45,0.29
ID_6ldaoy9h,0.29,0.48,0.19,0.31,0.48,0.31,0.45,0.17,0.3,0.3,0.14,0.31,0.3
ID_6lnwp36g,0.3,0.3,0.28,0.47,0.47,0.33,0.32,0.28,0.26,0.29,0.15,0.3,0.31
ID_6ncjvz4j,0.48,0.47,0.31,0.31,0.47,0.48,0.49,0.29,0.28,0.46,0.13,0.3,0.47
ID_6pf47p35,0.49,0.46,0.2,0.2,0.29,0.18,0.5,0.08,0.25,0.18,0.08,0.32,0.35
ID_70jnf39t,0.47,0.29,0.05,0.17,0.17,0.17,0.48,0.17,0.16,0.17,0.04,0.44,0.32
ID_78p20ub3,0.46,0.45,0.17,0.3,0.46,0.29,0.45,0.28,0.08,0.29,0.07,0.45,0.16
ID_7h5ajzbw,0.48,0.46,0.1,0.3,0.28,0.29,0.5,0.25,0.16,0.29,0.15,0.46,0.49
ID_7l35iq1t,0.28,0.29,0.17,0.18,0.31,0.17,0.44,0.09,0.19,0.18,0.08,0.3,0.18
ID_7nnco8o0,0.49,0.46,0.05,0.29,0.17,0.3,0.5,0.3,0.26,0.29,0.1,0.46,0.49
ID_7p66c9jw,0.49,0.46,0.04,0.27,0.16,0.29,0.48,0.25,0.27,0.29,0.05,0.45,0.48
ID_7s4cdh78,0.49,0.45,0.1,0.29,0.16,0.31,0.49,0.26,0.26,0.3,0.1,0.47,0.48
ID_7syp5e2f,0.49,0.46,0.11,0.32,0.29,0.31,0.51,0.17,0.26,0.29,0.02,0.47,0.5
ID_7tb19a9v,0.45,0.46,0.08,0.3,0.46,0.3,0.45,0.27,0.09,0.29,0.02,0.44,0.15
ID_7vujq4el,0.49,0.46,0.05,0.31,0.29,0.31,0.51,0.29,0.28,0.28,0.16,0.47,0.5
ID_7xnl1kwl,0.48,0.46,0.12,0.32,0.29,0.33,0.51,0.14,0.16,0.29,0.07,0.48,0.33
ID_7yvz13nq,0.45,0.47,0.26,0.29,0.46,0.48,0.47,0.16,0.47,0.29,0.23,0.47,0.31
ID_807vl0zu,0.47,0.46,0.03,0.28,0.28,0.17,0.48,0.13,0.17,0.28,0.06,0.44,0.49
ID_81rystyl,0.48,0.45,0.06,0.18,0.29,0.3,0.5,0.08,0.15,0.26,0.07,0.48,0.32
ID_846kyzn4,0.46,0.47,0.17,0.45,0.45,0.47,0.47,0.31,0.41,0.45,0.19,0.45,0.46
ID_84d14w4i,0.49,0.45,0.1,0.29,0.16,0.3,0.5,0.26,0.27,0.3,0.1,0.47,0.48
ID_87hehlr7,0.48,0.46,0.06,0.29,0.29,0.3,0.5,0.25,0.29,0.28,0.07,0.46,0.51
ID_8c4rqlwv,0.31,0.17,0.08,0.29,0.3,0.33,0.48,0.15,0.16,0.31,0.05,0.46,0.31
ID_8jnymxl0,0.48,0.45,0.09,0.3,0.28,0.3,0.5,0.15,0.26,0.28,0.05,0.47,0.5
ID_8oyhw5j0,0.49,0.29,0.03,0.16,0.09,0.29,0.49,0.14,0.17,0.17,0.05,0.46,0.5
ID_8pk4rtlf,0.49,0.46,0.19,0.2,0.3,0.31,0.51,0.09,0.08,0.29,0.05,0.49,0.51
ID_8qifwfzd,0.49,0.46,0.19,0.32,0.29,0.31,0.52,0.17,0.25,0.28,0.01,0.48,0.5
ID_8sxpos2x,0.47,0.46,0.03,0.28,0.29,0.17,0.48,0.15,0.15,0.28,0.03,0.44,0.49
ID_8uzg6enc,0.47,0.48,0.05,0.44,0.29,0.46,0.48,0.38,0.45,0.48,0.24,0.45,0.46
ID_8xk4sxsy,0.46,0.47,0.16,0.27,0.46,0.45,0.45,0.43,0.18,0.44,0.15,0.29,0.44
ID_8xmrih95,0.49,0.45,0.09,0.27,0.16,0.3,0.48,0.26,0.15,0.29,0.1,0.47,0.48
ID_8ycepky1,0.49,0.46,0.1,0.32,0.29,0.31,0.51,0.05,0.25,0.29,0.04,0.47,0.5
ID_8yu3auoc,0.48,0.45,0.09,0.29,0.29,0.3,0.5,0.26,0.27,0.28,0.14,0.46,0.5
ID_8zf9l9dp,0.49,0.45,0.03,0.29,0.17,0.29,0.5,0.14,0.27,0.18,0.27,0.48,0.48
ID_91rw5dgn,0.47,0.46,0.13,0.31,0.29,0.3,0.5,0.15,0.15,0.29,0.08,0.49,0.33
ID_969oonk1,0.49,0.45,0.05,0.29,0.16,0.29,0.5,0.26,0.26,0.29,0.21,0.47,0.48
ID_99q50kio,0.49,0.46,0.01,0.28,0.16,0.29,0.47,0.15,0.16,0.28,0.02,0.28,0.48
ID_9ag9mzwa,0.47,0.47,0.15,0.43,0.29,0.46,0.46,0.43,0.44,0.47,0.42,0.46,0.46
ID_9au0g3qv,0.47,0.47,0.04,0.42,0.29,0.45,0.48,0.38,0.45,0.47,0.24,0.43,0.46
ID_9dgp3132,0.29,0.29,0.16,0.18,0.29,0.32,0.47,0.17,0.1,0.3,0.08,0.46,0.3
ID_9ev40fzw,0.45,0.29,0.14,0.29,0.29,0.29,0.45,0.27,0.17,0.29,0.08,0.45,0.3
ID_9gt8l4qn,0.45,0.46,0.24,0.29,0.47,0.18,0.44,0.18,0.29,0.29,0.24,0.44,0.17
ID_9ozfeujz,0.3,0.47,0.2,0.19,0.29,0.33,0.5,0.08,0.28,0.17,0.23,0.48,0.35
ID_9pnnrfv6,0.49,0.46,0.01,0.17,0.17,0.17,0.46,0.14,0.16,0.18,0.01,0.29,0.32
ID_9tlqnx8r,0.47,0.47,0.05,0.3,0.29,0.29,0.49,0.17,0.26,0.28,0.16,0.46,0.51
ID_9tohgbcc,0.49,0.46,0.05,0.28,0.16,0.29,0.5,0.23,0.28,0.3,0.16,0.45,0.49
ID_9wnq4n14,0.47,0.45,0.05,0.3,0.28,0.16,0.48,0.3,0.15,0.28,0.16,0.46,0.5
ID_9xtucyfr,0.29,0.45,0.15,0.18,0.46,0.17,0.44,0.09,0.29,0.17,0.14,0.3,0.1
ID_a1fxzkzs,0.45,0.45,0.24,0.28,0.46,0.29,0.46,0.28,0.26,0.29,0.25,0.45,0.29
ID_a5scqh64,0.48,0.46,0.32,0.48,0.46,0.31,0.49,0.16,0.14,0.46,0.25,0.48,0.48
ID_aa52gq03,0.46,0.47,0.04,0.3,0.46,0.46,0.46,0.12,0.28,0.44,0.1,0.45,0.48
ID_aclde4g8,0.48,0.46,0.08,0.44,0.28,0.46,0.47,0.39,0.44,0.47,0.16,0.45,0.46
ID_ahm76prh,0.49,0.46,0.02,0.27,0.16,0.29,0.48,0.24,0.26,0.29,0.05,0.45,0.47
ID_aip6vrf0,0.46,0.48,0.1,0.46,0.46,0.47,0.46,0.15,0.28,0.46,0.14,0.45,0.46
ID_ajnjqx9i,0.45,0.46,0.15,0.29,0.45,0.29,0.45,0.15,0.28,0.29,0.24,0.45,0.29
ID_an28wf16,0.49,0.47,0.1,0.19,0.3,0.31,0.51,0.1,0.15,0.29,0.09,0.49,0.51
ID_aoyfx4p3,0.46,0.47,0.09,0.17,0.45,0.47,0.46,0.08,0.29,0.44,0.07,0.28,0.29
ID_ap2vfrxp,0.3,0.3,0.11,0.47,0.47,0.33,0.31,0.16,0.08,0.28,0.08,0.17,0.31
ID_aqtgktrm,0.47,0.47,0.29,0.48,0.46,0.48,0.49,0.29,0.41,0.46,0.16,0.47,0.47
ID_asbi60oe,0.46,0.46,0.27,0.18,0.45,0.48,0.47,0.1,0.28,0.3,0.15,0.47,0.29
ID_astwqxf1,0.46,0.46,0.05,0.46,0.45,0.29,0.45,0.3,0.28,0.3,0.26,0.46,0.46
ID_at5h51go,0.49,0.46,0.34,0.33,0.3,0.31,0.51,0.16,0.14,0.3,0.04,0.49,0.34
ID_au4a2nwi,0.45,0.45,0.08,0.17,0.46,0.32,0.46,0.1,0.45,0.27,0.15,0.43,0.18
ID_awhgdb6v,0.46,0.47,0.15,0.29,0.45,0.46,0.47,0.17,0.17,0.46,0.16,0.47,0.47
ID_ayiedfz4,0.48,0.45,0.11,0.29,0.28,0.16,0.48,0.27,0.15,0.29,0.09,0.47,0.49
ID_b04ujx2a,0.48,0.45,0.09,0.45,0.45,0.3,0.49,0.27,0.26,0.44,0.08,0.46,0.45
ID_b2d513vd,0.49,0.47,0.01,0.27,0.17,0.29,0.48,0.24,0.16,0.29,0.04,0.28,0.48
ID_b6d2jdee,0.31,0.3,0.09,0.3,0.3,0.32,0.48,0.18,0.1,0.46,0.05,0.46,0.3
ID_b6jxr5cf,0.48,0.46,0.16,0.49,0.47,0.48,0.48,0.47,0.28,0.46,0.15,0.47,0.48
ID_b7h8aotw,0.49,0.45,0.18,0.31,0.29,0.33,0.51,0.27,0.16,0.29,0.15,0.48,0.5
ID_bdbn3k0z,0.48,0.46,0.03,0.27,0.16,0.29,0.47,0.13,0.29,0.3,0.14,0.46,0.5
ID_besq1432,0.45,0.29,0.08,0.16,0.29,0.29,0.45,0.28,0.1,0.28,0.08,0.28,0.29
ID_bf8ybhv0,0.45,0.45,0.15,0.1,0.45,0.46,0.46,0.09,0.42,0.18,0.16,0.47,0.29
ID_bj138bbc,0.49,0.45,0.03,0.28,0.16,0.29,0.47,0.14,0.26,0.29,0.09,0.47,0.48
ID_bj9x3ha5,0.46,0.46,0.05,0.16,0.29,0.17,0.48,0.14,0.08,0.17,0.07,0.45,0.32
ID_bjt6coq7,0.49,0.46,0.17,0.32,0.29,0.32,0.52,0.17,0.25,0.29,0.05,0.48,0.5
ID_bnkr1g9f,0.29,0.46,0.16,0.17,0.29,0.17,0.47,0.16,0.14,0.17,0.27,0.46,0.34
ID_bnpkz783,0.45,0.47,0.3,0.3,0.45,0.47,0.47,0.27,0.43,0.3,0.23,0.46,0.3
ID_bppl0b45,0.31,0.3,0.08,0.44,0.28,0.32,0.48,0.26,0.15,0.46,0.02,0.45,0.3
ID_c0gluanx,0.48,0.47,0.31,0.48,0.46,0.48,0.48,0.15,0.42,0.47,0.13,0.47,0.48
ID_c1nxj7cx,0.45,0.46,0.04,0.28,0.46,0.3,0.44,0.15,0.26,0.18,0.12,0.45,0.29
ID_c23yggc2,0.49,0.46,0.06,0.31,0.28,0.33,0.51,0.28,0.28,0.29,0.04,0.47,0.5
ID_c2t72z1x,0.45,0.45,0.04,0.29,0.45,0.29,0.46,0.33,0.17,0.45,0.1,0.45,0.46
ID_c4bk4m94,0.46,0.46,0.15,0.27,0.28,0.47,0.46,0.08,0.44,0.46,0.08,0.44,0.28
ID_c7qbiyw4,0.3,0.3,0.32,0.48,0.47,0.33,0.32,0.18,0.16,0.28,0.02,0.31,0.19
ID_c7v0jvvs,0.3,0.48,0.06,0.1,0.29,0.32,0.5,0.08,0.16,0.16,0.13,0.3,0.35
ID_cbudgl2q,0.47,0.46,0.03,0.3,0.28,0.29,0.48,0.17,0.16,0.28,0.09,0.3,0.5
ID_cchpdwey,0.47,0.46,0.27,0.44,0.44,0.47,0.47,0.26,0.42,0.44,0.08,0.46,0.46
ID_cewbafo9,0.48,0.45,0.05,0.29,0.28,0.29,0.47,0.16,0.26,0.29,0.11,0.45,0.44
ID_ch32j2wv,0.49,0.45,0.1,0.31,0.29,0.3,0.51,0.27,0.09,0.28,0.07,0.48,0.48
ID_cl65jmri,0.43,0.29,0.15,0.16,0.29,0.3,0.44,0.04,0.28,0.28,0.13,0.44,0.17
ID_cmuc7mkg,0.29,0.46,0.09,0.18,0.48,0.17,0.44,0.09,0.18,0.17,0.07,0.29,0.16
ID_cntoqzgp,0.46,0.29,0.08,0.28,0.29,0.29,0.44,0.27,0.16,0.29,0.07,0.43,0.29
ID_cthud8zw,0.45,0.45,0.09,0.29,0.46,0.29,0.45,0.17,0.27,0.29,0.08,0.46,0.29
ID_cusioro1,0.49,0.46,0.02,0.16,0.16,0.29,0.49,0.15,0.16,0.29,0.05,0.45,0.48
ID_cylc3gmj,0.47,0.47,0.05,0.18,0.28,0.29,0.48,0.1,0.16,0.16,0.1,0.46,0.5
ID_cyqvne5m,0.48,0.46,0.15,0.47,0.46,0.49,0.49,0.31,0.26,0.45,0.02,0.47,0.46
ID_d33qpysx,0.49,0.46,0.02,0.27,0.17,0.29,0.48,0.24,0.16,0.29,0.04,0.45,0.48
ID_d3pmn6pg,0.47,0.46,0.05,0.17,0.28,0.3,0.5,0.14,0.28,0.28,0.07,0.45,0.33
ID_dad6q7yf,0.49,0.46,0.01,0.28,0.17,0.29,0.47,0.27,0.17,0.29,0.02,0.45,0.48
ID_dciedhn6,0.49,0.45,0.06,0.29,0.17,0.3,0.5,0.25,0.29,0.3,0.16,0.47,0.49
ID_dfa0i7qu,0.49,0.46,0.32,0.33,0.3,0.31,0.51,0.16,0.26,0.3,0.15,0.49,0.51
ID_dujlxtju,0.48,0.46,0.01,0.17,0.16,0.29,0.47,0.09,0.16,0.17,0.05,0.45,0.48
ID_dvk5jmhy,0.49,0.47,0.03,0.27,0.17,0.29,0.48,0.14,0.27,0.29,0.08,0.45,0.48
ID_dvpoyewm,0.49,0.46,0.1,0.29,0.16,0.3,0.5,0.26,0.28,0.3,0.08,0.47,0.48
ID_dyonsmqh,0.48,0.45,0.16,0.29,0.28,0.3,0.5,0.27,0.27,0.28,0.17,0.47,0.5
ID_dyy2gk0u,0.47,0.46,0.44,0.49,0.46,0.33,0.48,0.18,0.43,0.46,0.09,0.47,0.32
ID_e0evmizd,0.49,0.47,0.1,0.19,0.3,0.31,0.51,0.1,0.15,0.29,0.09,0.49,0.51
ID_e3euh0qx,0.46,0.45,0.15,0.29,0.44,0.17,0.44,0.15,0.15,0.29,0.16,0.45,0.28
ID_e3sonqos,0.47,0.46,0.1,0.3,0.29,0.3,0.48,0.16,0.25,0.29,0.05,0.46,0.5
ID_e5qi9pl3,0.47,0.48,0.11,0.3,0.29,0.3,0.48,0.16,0.25,0.29,0.25,0.47,0.51
ID_e5ql8m74,0.47,0.45,0.17,0.28,0.28,0.29,0.47,0.27,0.27,0.28,0.17,0.47,0.5
ID_e5qxlrzu,0.49,0.45,0.09,0.28,0.16,0.29,0.5,0.27,0.26,0.29,0.18,0.47,0.48
ID_e7309p3b,0.47,0.46,0.19,0.3,0.28,0.3,0.49,0.15,0.14,0.28,0.05,0.48,0.33
ID_ee7t90xj,0.3,0.45,0.05,0.16,0.3,0.16,0.48,0.15,0.09,0.16,0.03,0.44,0.32
ID_eefn4r9z,0.31,0.29,0.08,0.45,0.29,0.32,0.49,0.24,0.28,0.47,0.08,0.46,0.31
ID_eh6wj9ry,0.46,0.46,0.16,0.45,0.45,0.47,0.47,0.3,0.41,0.45,0.11,0.46,0.46
ID_eleqwubg,0.31,0.3,0.09,0.46,0.3,0.32,0.49,0.28,0.09,0.46,0.02,0.46,0.17
ID_erkgnj63,0.45,0.46,0.15,0.28,0.46,0.29,0.45,0.15,0.27,0.29,0.22,0.45,0.29
ID_ex52i42f,0.48,0.47,0.18,0.46,0.29,0.46,0.48,0.41,0.28,0.47,0.09,0.46,0.45
ID_f1mv2nua,0.45,0.46,0.17,0.17,0.45,0.48,0.45,0.08,0.44,0.29,0.04,0.28,0.3
ID_f4ngm4h4,0.49,0.46,0.04,0.27,0.16,0.29,0.48,0.24,0.26,0.29,0.05,0.45,0.47
ID_f7l96chn,0.47,0.46,0.1,0.17,0.28,0.3,0.48,0.15,0.26,0.28,0.14,0.45,0.33
ID_f9bqvumi,0.49,0.46,0.19,0.31,0.28,0.31,0.51,0.27,0.16,0.28,0.05,0.47,0.33
ID_fbmot16j,0.49,0.46,0.03,0.27,0.16,0.29,0.48,0.13,0.27,0.29,0.08,0.46,0.48
ID_ff1tc488,0.47,0.45,0.08,0.17,0.29,0.17,0.47,0.14,0.14,0.17,0.14,0.45,0.32
ID_fhr82u8x,0.46,0.48,0.09,0.3,0.46,0.47,0.47,0.18,0.42,0.45,0.11,0.45,0.46
ID_fksfubjx,0.46,0.47,0.02,0.29,0.45,0.29,0.46,0.17,0.16,0.27,0.15,0.28,0.46
ID_fm9l86se,0.47,0.47,0.15,0.43,0.3,0.46,0.46,0.44,0.44,0.47,0.43,0.46,0.46
ID_fmzm5y0x,0.49,0.29,0.01,0.17,0.16,0.29,0.49,0.14,0.1,0.17,0.05,0.45,0.5
ID_fwkq0idn,0.48,0.45,0.05,0.3,0.28,0.3,0.49,0.08,0.28,0.28,0.08,0.46,0.5
ID_fxng4jt0,0.46,0.45,0.08,0.44,0.46,0.28,0.47,0.45,0.28,0.45,0.45,0.46,0.45
ID_fy3iiiwl,0.47,0.46,0.14,0.46,0.46,0.47,0.47,0.3,0.44,0.45,0.16,0.46,0.46
ID_g4xl0in8,0.48,0.46,0.3,0.47,0.46,0.47,0.49,0.46,0.29,0.46,0.24,0.47,0.46
ID_g87trr4w,0.49,0.46,0.1,0.3,0.29,0.31,0.52,0.27,0.29,0.28,0.25,0.47,0.51
ID_gbagrk96,0.49,0.45,0.02,0.27,0.16,0.29,0.47,0.23,0.16,0.29,0.04,0.45,0.47
ID_gd2myd2x,0.46,0.46,0.05,0.09,0.29,0.17,0.47,0.09,0.15,0.17,0.08,0.45,0.32
ID_gfjpi98a,0.46,0.47,0.27,0.44,0.45,0.47,0.47,0.28,0.42,0.46,0.17,0.45,0.46
ID_gkw0t3na,0.49,0.47,0.03,0.29,0.17,0.29,0.49,0.24,0.16,0.3,0.15,0.45,0.49
ID_gqase66n,0.46,0.46,0.05,0.16,0.29,0.47,0.44,0.13,0.46,0.3,0.08,0.45,0.29
ID_gqg1zf3c,0.46,0.46,0.08,0.09,0.46,0.29,0.45,0.1,0.17,0.29,0.08,0.28,0.28
ID_gt40ptld,0.49,0.47,0.03,0.27,0.16,0.29,0.48,0.13,0.27,0.3,0.04,0.45,0.48
ID_gtj1tfjf,0.46,0.47,0.09,0.17,0.45,0.47,0.46,0.08,0.29,0.44,0.07,0.28,0.29
ID_guiutbu9,0.49,0.46,0.11,0.33,0.3,0.31,0.5,0.08,0.15,0.29,0.07,0.49,0.51
ID_gvtscxns,0.49,0.46,0.05,0.3,0.16,0.29,0.5,0.14,0.15,0.29,0.15,0.49,0.31
ID_gw71sple,0.49,0.46,0.02,0.28,0.16,0.29,0.48,0.27,0.26,0.29,0.03,0.45,0.48
ID_gxj2nky1,0.29,0.48,0.15,0.2,0.46,0.5,0.49,0.1,0.18,0.3,0.15,0.47,0.31
ID_gxld7bub,0.49,0.45,0.02,0.28,0.16,0.29,0.48,0.15,0.26,0.29,0.03,0.44,0.48
ID_gzsdiej7,0.46,0.47,0.27,0.44,0.45,0.47,0.47,0.28,0.42,0.45,0.17,0.45,0.46
ID_h0cc6wgz,0.45,0.29,0.07,0.3,0.3,0.18,0.45,0.18,0.19,0.28,0.15,0.45,0.31
ID_h0roco21,0.45,0.46,0.18,0.28,0.46,0.29,0.45,0.27,0.28,0.29,0.12,0.45,0.3
ID_h159qook,0.46,0.46,0.03,0.17,0.29,0.16,0.48,0.15,0.09,0.16,0.08,0.28,0.32
ID_h2ihvdxr,0.45,0.45,0.14,0.45,0.45,0.45,0.44,0.19,0.45,0.44,0.28,0.44,0.3
ID_h2mws0mj,0.29,0.45,0.15,0.18,0.46,0.17,0.44,0.09,0.29,0.17,0.07,0.3,0.1
ID_h3awypor,0.33,0.3,0.05,0.29,0.16,0.19,0.51,0.25,0.15,0.3,0.04,0.46,0.34
ID_h49ujyog,0.47,0.46,0.1,0.29,0.28,0.3,0.49,0.31,0.26,0.28,0.1,0.46,0.5
ID_h55amsi5,0.45,0.47,0.09,0.29,0.45,0.47,0.46,0.08,0.28,0.44,0.07,0.44,0.29
ID_h6nlogdm,0.49,0.47,0.21,0.32,0.29,0.31,0.51,0.15,0.27,0.3,0.07,0.48,0.51
ID_h76zkmwk,0.29,0.47,0.03,0.09,0.31,0.3,0.44,0.08,0.33,0.29,0.09,0.16,0.16
ID_h7rvpenp,0.49,0.46,0.01,0.16,0.17,0.29,0.48,0.17,0.09,0.29,0.05,0.46,0.48
ID_hb81jw1t,0.49,0.45,0.03,0.09,0.17,0.28,0.5,0.1,0.27,0.17,0.06,0.46,0.48
ID_hcomz2xw,0.47,0.45,0.1,0.17,0.28,0.17,0.47,0.08,0.08,0.09,0.14,0.47,0.32
ID_hguh7220,0.46,0.46,0.09,0.29,0.45,0.29,0.44,0.16,0.26,0.17,0.04,0.45,0.29
ID_hhqnmh9c,0.49,0.46,0.09,0.3,0.29,0.31,0.49,0.15,0.16,0.28,0.04,0.46,0.48
ID_hikt0irm,0.46,0.47,0.28,0.31,0.46,0.32,0.47,0.09,0.44,0.45,0.13,0.45,0.18
ID_hjs9mp09,0.47,0.46,0.02,0.3,0.45,0.46,0.47,0.18,0.17,0.44,0.05,0.28,0.46
ID_hmogjqjc,0.49,0.45,0.05,0.28,0.16,0.29,0.5,0.26,0.26,0.29,0.18,0.47,0.48
ID_hrah5yin,0.48,0.46,0.11,0.31,0.29,0.33,0.52,0.26,0.29,0.29,0.14,0.48,0.5
ID_hrj3xhsh,0.29,0.46,0.1,0.18,0.29,0.18,0.49,0.15,0.17,0.17,0.14,0.47,0.33
ID_hrtpne7v,0.46,0.47,0.33,0.47,0.46,0.46,0.47,0.29,0.28,0.46,0.07,0.46,0.47
ID_huumu16y,0.49,0.46,0.05,0.28,0.16,0.29,0.48,0.27,0.26,0.29,0.06,0.47,0.47
ID_i0y7eekq,0.49,0.47,0.21,0.32,0.29,0.31,0.52,0.16,0.26,0.3,0.07,0.48,0.52
ID_i1xb3lz7,0.47,0.45,0.08,0.17,0.29,0.17,0.48,0.15,0.16,0.17,0.07,0.44,0.32
ID_i3xaojuz,0.49,0.46,0.06,0.28,0.17,0.29,0.48,0.26,0.28,0.3,0.08,0.46,0.49
ID_i40kmo2n,0.3,0.28,0.09,0.1,0.16,0.09,0.46,0.08,0.17,0.09,0.08,0.3,0.19
ID_i6jkhgh2,0.49,0.46,0.02,0.27,0.17,0.29,0.48,0.24,0.16,0.29,0.04,0.45,0.48
ID_i7xy4wiw,0.47,0.45,0.05,0.16,0.3,0.17,0.47,0.15,0.08,0.16,0.04,0.44,0.32
ID_ibisx32z,0.47,0.3,0.29,0.33,0.31,0.48,0.49,0.18,0.16,0.3,0.09,0.49,0.31
ID_iljmewrz,0.46,0.47,0.17,0.45,0.45,0.47,0.46,0.26,0.26,0.45,0.37,0.47,0.47
ID_iludxx4k,0.29,0.46,0.08,0.17,0.47,0.18,0.44,0.15,0.31,0.18,0.03,0.27,0.16
ID_imjqsix0,0.49,0.46,0.01,0.05,0.16,0.28,0.51,0.1,0.09,0.16,0.06,0.29,0.48
ID_in6ribtc,0.46,0.45,0.26,0.29,0.46,0.29,0.45,0.26,0.15,0.29,0.13,0.46,0.29
ID_iq9ch8hn,0.49,0.46,0.1,0.29,0.16,0.3,0.5,0.26,0.26,0.3,0.1,0.47,0.48
ID_is0fjzw9,0.47,0.45,0.05,0.17,0.29,0.17,0.48,0.15,0.15,0.16,0.04,0.44,0.32
ID_itgjfpj6,0.49,0.46,0.1,0.3,0.29,0.31,0.52,0.27,0.29,0.28,0.25,0.47,0.51
ID_iw5d7a5w,0.49,0.45,0.01,0.28,0.17,0.29,0.47,0.15,0.16,0.28,0.02,0.45,0.48
ID_iwt3z9s1,0.49,0.45,0.05,0.17,0.16,0.29,0.5,0.16,0.26,0.29,0.21,0.46,0.48
ID_ix7prgts,0.49,0.46,0.21,0.32,0.29,0.31,0.51,0.15,0.26,0.29,0.09,0.48,0.51
ID_iy4yxaz6,0.45,0.45,0.15,0.18,0.46,0.18,0.44,0.09,0.29,0.18,0.14,0.29,0.17
ID_j34f0v39,0.47,0.47,0.06,0.17,0.45,0.47,0.48,0.14,0.28,0.44,0.06,0.28,0.29
ID_jdg15uvg,0.48,0.48,0.17,0.44,0.45,0.49,0.47,0.42,0.27,0.47,0.15,0.45,0.47
ID_jea1tccw,0.45,0.46,0.04,0.28,0.46,0.29,0.44,0.14,0.17,0.29,0.06,0.44,0.29
ID_jf6kyt0p,0.49,0.46,0.17,0.3,0.29,0.31,0.5,0.17,0.27,0.28,0.07,0.46,0.49
ID_jhon628h,0.29,0.46,0.05,0.18,0.48,0.17,0.44,0.1,0.18,0.17,0.04,0.29,0.16
ID_jhwiddid,0.49,0.44,0.05,0.3,0.16,0.29,0.5,0.16,0.26,0.29,0.18,0.46,0.48
ID_jk2b7zot,0.32,0.3,0.06,0.29,0.17,0.19,0.5,0.13,0.15,0.3,0.09,0.47,0.34
ID_jm1sz086,0.46,0.46,0.02,0.29,0.46,0.29,0.46,0.31,0.17,0.28,0.15,0.44,0.47
ID_jnaj0jnt,0.49,0.46,0.02,0.27,0.17,0.29,0.48,0.24,0.15,0.29,0.02,0.44,0.48
ID_jr0zs4kb,0.45,0.45,0.14,0.29,0.46,0.29,0.45,0.26,0.16,0.29,0.13,0.44,0.29
ID_jx8pv2j0,0.48,0.46,0.06,0.3,0.28,0.29,0.49,0.25,0.09,0.29,0.08,0.46,0.49
ID_jyb3o7k2,0.49,0.46,0.02,0.27,0.16,0.29,0.48,0.24,0.26,0.29,0.03,0.45,0.47
ID_k0ir3f0y,0.48,0.46,0.1,0.29,0.28,0.3,0.5,0.16,0.27,0.28,0.13,0.46,0.51
ID_k1uaj1ym,0.47,0.46,0.1,0.17,0.28,0.3,0.48,0.15,0.26,0.28,0.14,0.45,0.33
ID_k49qidsf,0.47,0.47,0.07,0.3,0.29,0.3,0.48,0.08,0.26,0.29,0.05,0.47,0.5
ID_k84ghtr8,0.48,0.47,0.45,0.47,0.46,0.48,0.49,0.28,0.4,0.47,0.08,0.48,0.47
ID_k9zwhybq,0.29,0.47,0.03,0.09,0.31,0.3,0.44,0.08,0.33,0.29,0.09,0.16,0.16
ID_ke76tyk9,0.48,0.45,0.04,0.43,0.29,0.46,0.46,0.42,0.45,0.47,0.08,0.45,0.44
ID_kjkhda63,0.46,0.48,0.04,0.29,0.46,0.46,0.47,0.17,0.44,0.28,0.08,0.44,0.45
ID_kkv16lkq,0.46,0.47,0.17,0.44,0.46,0.47,0.47,0.29,0.43,0.46,0.26,0.46,0.47
ID_km0t259y,0.48,0.45,0.1,0.3,0.28,0.31,0.5,0.14,0.29,0.29,0.14,0.47,0.5
ID_kma2z3ka,0.47,0.48,0.31,0.49,0.47,0.48,0.49,0.09,0.44,0.46,0.24,0.48,0.47
ID_kmqdj8po,0.49,0.45,0.18,0.32,0.29,0.32,0.51,0.09,0.25,0.29,0.05,0.47,0.5
ID_kni7d2qv,0.47,0.45,0.08,0.45,0.45,0.47,0.47,0.45,0.44,0.44,0.09,0.45,0.46
ID_knx2jwbq,0.45,0.46,0.04,0.18,0.46,0.17,0.45,0.1,0.29,0.17,0.16,0.29,0.3
ID_kptel2fy,0.47,0.47,0.05,0.44,0.29,0.45,0.48,0.42,0.17,0.46,0.26,0.47,0.45
ID_kt3hch74,0.46,0.46,0.08,0.17,0.46,0.48,0.46,0.15,0.44,0.29,0.03,0.29,0.3
ID_kws09f8o,0.3,0.29,0.01,0.09,0.28,0.29,0.47,0.08,0.09,0.09,0.01,0.44,0.32
ID_l4lujw4l,0.46,0.47,0.28,0.45,0.46,0.48,0.47,0.28,0.26,0.46,0.08,0.46,0.46
ID_l5oosipf,0.48,0.46,0.1,0.29,0.28,0.31,0.5,0.15,0.27,0.28,0.13,0.47,0.5
ID_l5qd05ga,0.49,0.45,0.02,0.27,0.17,0.29,0.47,0.23,0.16,0.29,0.04,0.45,0.48
ID_l5ww6p45,0.47,0.45,0.02,0.16,0.29,0.17,0.47,0.15,0.08,0.16,0.04,0.44,0.32
ID_l6sudgs8,0.45,0.28,0.15,0.29,0.29,0.29,0.45,0.3,0.27,0.29,0.16,0.45,0.3
ID_lbir9862,0.45,0.46,0.16,0.29,0.47,0.32,0.46,0.17,0.45,0.43,0.13,0.44,0.18
ID_lbj27rbz,0.49,0.45,0.02,0.28,0.16,0.29,0.48,0.27,0.27,0.29,0.03,0.45,0.48
ID_ld16s2yu,0.48,0.47,0.16,0.45,0.29,0.48,0.48,0.42,0.43,0.47,0.16,0.45,0.44
ID_lflwdb3a,0.49,0.45,0.09,0.27,0.16,0.29,0.48,0.25,0.26,0.29,0.1,0.46,0.48
ID_lfvz14ym,0.46,0.47,0.02,0.45,0.46,0.47,0.46,0.3,0.29,0.45,0.06,0.44,0.45
ID_lgmk8jb8,0.47,0.28,0.16,0.17,0.17,0.17,0.48,0.16,0.15,0.17,0.15,0.46,0.32
ID_lits9ioy,0.3,0.46,0.09,0.29,0.47,0.3,0.45,0.25,0.46,0.31,0.15,0.29,0.3
ID_lmlvbrl3,0.32,0.46,0.01,0.16,0.17,0.17,0.46,0.13,0.17,0.18,0.02,0.29,0.32
ID_lmyibx2q,0.29,0.45,0.08,0.28,0.46,0.29,0.46,0.26,0.29,0.3,0.12,0.44,0.3
ID_lpfwpnjo,0.48,0.47,0.05,0.44,0.29,0.46,0.47,0.24,0.45,0.47,0.24,0.45,0.46
ID_lr6370h3,0.47,0.45,0.09,0.09,0.29,0.17,0.47,0.1,0.15,0.16,0.09,0.45,0.32
ID_lwspr2f4,0.49,0.46,0.04,0.27,0.16,0.29,0.48,0.25,0.27,0.29,0.05,0.45,0.48
ID_ly9f17ij,0.49,0.46,0.03,0.27,0.17,0.29,0.48,0.14,0.28,0.29,0.04,0.45,0.49
ID_m6rfhpen,0.48,0.46,0.1,0.29,0.28,0.31,0.5,0.15,0.27,0.28,0.13,0.47,0.5
ID_m7btsblj,0.48,0.46,0.1,0.46,0.28,0.3,0.47,0.25,0.27,0.47,0.31,0.45,0.45
ID_mdtw17tp,0.46,0.46,0.09,0.28,0.46,0.29,0.45,0.16,0.15,0.28,0.13,0.45,0.29
ID_mepsc3h5,0.3,0.3,0.21,0.48,0.47,0.34,0.32,0.29,0.16,0.3,0.04,0.31,0.19
ID_mk0c0q0v,0.47,0.46,0.06,0.17,0.28,0.3,0.48,0.18,0.14,0.28,0.03,0.29,0.49
ID_msu9fgcj,0.46,0.28,0.15,0.28,0.29,0.3,0.45,0.28,0.16,0.29,0.14,0.44,0.29
ID_mtxn9p8b,0.49,0.45,0.05,0.28,0.16,0.29,0.48,0.26,0.26,0.29,0.05,0.46,0.48
ID_mwiynzce,0.49,0.46,0.03,0.27,0.17,0.29,0.48,0.14,0.27,0.29,0.08,0.46,0.49
ID_n25or9n5,0.48,0.47,0.31,0.48,0.47,0.48,0.49,0.28,0.43,0.47,0.23,0.48,0.49
ID_n3tauc66,0.49,0.45,0.09,0.28,0.16,0.29,0.5,0.26,0.26,0.29,0.18,0.47,0.47
ID_n6dndt6p,0.48,0.48,0.3,0.32,0.46,0.48,0.49,0.29,0.28,0.45,0.09,0.3,0.47
ID_n9w28bcq,0.45,0.46,0.16,0.43,0.45,0.45,0.45,0.26,0.44,0.45,0.38,0.46,0.46
ID_ndje6wd4,0.47,0.45,0.06,0.17,0.29,0.3,0.49,0.08,0.08,0.26,0.07,0.47,0.33
ID_ni4t9oja,0.48,0.46,0.02,0.43,0.29,0.46,0.46,0.43,0.47,0.46,0.04,0.44,0.45
ID_nos41kse,0.46,0.45,0.4,0.29,0.45,0.47,0.48,0.28,0.26,0.29,0.28,0.48,0.29
ID_nux8w3s5,0.48,0.46,0.04,0.27,0.16,0.29,0.48,0.25,0.29,0.29,0.09,0.46,0.49
ID_nvnnpego,0.47,0.47,0.14,0.46,0.46,0.47,0.48,0.3,0.44,0.43,0.27,0.47,0.46
ID_nvsfmnha,0.49,0.47,0.2,0.32,0.29,0.31,0.51,0.15,0.24,0.29,0.15,0.49,0.51
ID_nxr25vxb,0.49,0.46,0.05,0.29,0.17,0.29,0.5,0.25,0.28,0.3,0.16,0.46,0.5
ID_nzql2zse,0.32,0.29,0.09,0.3,0.17,0.19,0.51,0.25,0.08,0.3,0.03,0.47,0.33
ID_o270qwh1,0.47,0.47,0.09,0.46,0.45,0.29,0.46,0.42,0.15,0.46,0.15,0.45,0.45
ID_o3lhlnvv,0.45,0.47,0.17,0.29,0.45,0.48,0.46,0.05,0.44,0.44,0.13,0.46,0.29
ID_o6iaxgwb,0.46,0.46,0.02,0.29,0.46,0.29,0.46,0.31,0.17,0.28,0.15,0.44,0.47
ID_obo2p430,0.45,0.46,0.13,0.17,0.46,0.29,0.45,0.1,0.18,0.29,0.08,0.45,0.28
ID_ofympoh2,0.47,0.45,0.12,0.18,0.29,0.3,0.49,0.08,0.16,0.27,0.04,0.47,0.19
ID_ofyvoabm,0.32,0.29,0.09,0.29,0.17,0.19,0.51,0.25,0.08,0.3,0.09,0.47,0.33
ID_ogoqngj7,0.48,0.46,0.05,0.44,0.29,0.46,0.48,0.37,0.46,0.48,0.13,0.44,0.46
ID_ogyrecgz,0.47,0.46,0.05,0.09,0.29,0.3,0.49,0.09,0.27,0.16,0.08,0.45,0.33
ID_oi5ns3ho,0.46,0.46,0.09,0.29,0.46,0.47,0.47,0.18,0.28,0.42,0.14,0.27,0.17
ID_olq0xnld,0.49,0.46,0.12,0.31,0.29,0.33,0.51,0.27,0.29,0.29,0.07,0.48,0.5
ID_om9oostm,0.3,0.45,0.08,0.16,0.29,0.17,0.48,0.15,0.15,0.17,0.04,0.45,0.32
ID_onbj3nj3,0.46,0.46,0.24,0.29,0.46,0.3,0.45,0.17,0.28,0.29,0.24,0.45,0.28
ID_ors8niy1,0.49,0.46,0.06,0.31,0.28,0.32,0.51,0.16,0.29,0.29,0.08,0.48,0.51
ID_osme6w8y,0.48,0.47,0.29,0.34,0.47,0.48,0.49,0.32,0.17,0.46,0.16,0.48,0.3
ID_oude0766,0.49,0.46,0.01,0.28,0.17,0.29,0.48,0.22,0.17,0.3,0.04,0.45,0.48
ID_oumfuayj,0.45,0.45,0.15,0.46,0.46,0.46,0.43,0.3,0.18,0.45,0.13,0.45,0.3
ID_oy3qlmvo,0.48,0.47,0.03,0.45,0.29,0.46,0.47,0.14,0.3,0.46,0.14,0.28,0.45
ID_p01qunsl,0.46,0.45,0.25,0.28,0.46,0.3,0.45,0.29,0.25,0.29,0.14,0.45,0.29
ID_p33xnad7,0.45,0.46,0.15,0.29,0.46,0.29,0.45,0.18,0.09,0.29,0.08,0.29,0.27
ID_p5ajidvp,0.48,0.48,0.08,0.43,0.29,0.44,0.48,0.43,0.44,0.47,0.46,0.45,0.46
ID_p6oj3n0m,0.49,0.45,0.1,0.29,0.16,0.31,0.5,0.24,0.26,0.3,0.16,0.47,0.47
ID_p8chm2jc,0.49,0.45,0.05,0.18,0.29,0.3,0.51,0.09,0.27,0.09,0.16,0.48,0.49
ID_p9horb49,0.49,0.45,0.09,0.28,0.16,0.29,0.5,0.26,0.27,0.29,0.31,0.47,0.48
ID_pc9jkl3o,0.31,0.3,0.09,0.47,0.3,0.33,0.49,0.28,0.17,0.47,0.04,0.47,0.17
ID_pfxybdvn,0.48,0.47,0.47,0.49,0.46,0.48,0.49,0.19,0.42,0.46,0.09,0.48,0.47
ID_pigb8yyw,0.47,0.47,0.31,0.49,0.47,0.48,0.49,0.15,0.27,0.47,0.13,0.48,0.48
ID_pk48m6he,0.49,0.46,0.1,0.29,0.16,0.3,0.5,0.26,0.26,0.3,0.1,0.47,0.48
ID_pkflufbp,0.45,0.29,0.15,0.29,0.29,0.3,0.45,0.15,0.16,0.29,0.14,0.46,0.29
ID_pky6pa0b,0.45,0.47,0.09,0.29,0.45,0.47,0.46,0.08,0.28,0.44,0.07,0.44,0.29
ID_pm36remu,0.47,0.48,0.16,0.3,0.46,0.47,0.46,0.18,0.42,0.45,0.26,0.47,0.48
ID_pmchkg4f,0.49,0.46,0.06,0.29,0.16,0.31,0.49,0.14,0.28,0.3,0.08,0.47,0.48
ID_pstso3qa,0.49,0.47,0.32,0.32,0.3,0.31,0.51,0.16,0.26,0.3,0.14,0.49,0.51
ID_pv1va51i,0.48,0.47,0.46,0.5,0.46,0.48,0.49,0.29,0.27,0.46,0.09,0.48,0.3
ID_pwdhqt0d,0.47,0.28,0.08,0.17,0.17,0.17,0.48,0.15,0.16,0.17,0.07,0.45,0.32
ID_pwm0vy1j,0.47,0.45,0.19,0.1,0.28,0.3,0.5,0.09,0.15,0.17,0.05,0.48,0.19
ID_q1omf5a8,0.47,0.46,0.02,0.09,0.29,0.17,0.47,0.05,0.08,0.08,0.02,0.44,0.32
ID_q3ycltab,0.47,0.46,0.06,0.17,0.29,0.3,0.5,0.14,0.29,0.28,0.03,0.46,0.33
ID_q59o4zis,0.49,0.45,0.05,0.28,0.16,0.29,0.48,0.25,0.26,0.29,0.03,0.47,0.48
ID_q5ycbssy,0.46,0.47,0.27,0.44,0.45,0.48,0.47,0.27,0.42,0.46,0.17,0.46,0.46
ID_q8ryq7lj,0.46,0.45,0.09,0.47,0.46,0.29,0.46,0.33,0.27,0.45,0.28,0.45,0.46
ID_qd7dgqor,0.48,0.47,0.14,0.43,0.29,0.45,0.47,0.41,0.42,0.46,0.3,0.45,0.45
ID_qfolkekt,0.47,0.46,0.09,0.45,0.45,0.49,0.47,0.44,0.25,0.46,0.11,0.45,0.47
ID_qhpgkado,0.49,0.46,0.32,0.32,0.29,0.31,0.51,0.16,0.24,0.3,0.08,0.48,0.51
ID_qi71zxvn,0.48,0.47,0.06,0.3,0.28,0.3,0.5,0.14,0.28,0.29,0.13,0.46,0.51
ID_qjkmmqm4,0.44,0.29,0.15,0.3,0.28,0.29,0.45,0.2,0.29,0.29,0.1,0.46,0.29
ID_qmxqh91v,0.31,0.17,0.06,0.17,0.29,0.17,0.32,0.16,0.08,0.09,0.02,0.29,0.35
ID_qo1hukgo,0.47,0.46,0.04,0.43,0.29,0.46,0.44,0.24,0.31,0.31,0.24,0.46,0.46
ID_qoj2oq21,0.46,0.46,0.16,0.17,0.44,0.47,0.47,0.16,0.43,0.29,0.05,0.44,0.29
ID_qq38cadk,0.46,0.28,0.05,0.17,0.17,0.17,0.47,0.15,0.05,0.16,0.04,0.45,0.19
ID_qqu4mr28,0.49,0.46,0.01,0.28,0.17,0.29,0.47,0.15,0.16,0.29,0.02,0.44,0.48
ID_qvia1ufi,0.48,0.47,0.06,0.3,0.16,0.29,0.49,0.14,0.16,0.3,0.08,0.48,0.5
ID_qw7naw0i,0.47,0.46,0.08,0.44,0.29,0.46,0.48,0.41,0.45,0.47,0.42,0.46,0.45
ID_qy81an5q,0.46,0.29,0.03,0.05,0.17,0.17,0.46,0.08,0.05,0.09,0.04,0.29,0.33
ID_r1lgtggi,0.49,0.46,0.03,0.28,0.16,0.29,0.48,0.14,0.27,0.29,0.1,0.47,0.49
ID_r22mht4u,0.3,0.3,0.17,0.47,0.47,0.33,0.31,0.29,0.15,0.29,0.14,0.3,0.32
ID_r3x1ttth,0.48,0.46,0.11,0.3,0.16,0.29,0.47,0.25,0.16,0.3,0.15,0.46,0.28
ID_rdu55lck,0.47,0.47,0.11,0.29,0.28,0.3,0.48,0.08,0.25,0.28,0.08,0.47,0.5
ID_rgai3yeo,0.47,0.46,0.28,0.44,0.44,0.48,0.47,0.26,0.42,0.45,0.13,0.46,0.46
ID_rgjzy8c8,0.49,0.45,0.05,0.28,0.17,0.29,0.48,0.27,0.27,0.3,0.08,0.47,0.49
ID_rgnrrv5b,0.45,0.46,0.17,0.17,0.45,0.48,0.45,0.08,0.44,0.29,0.04,0.28,0.3
ID_ri6zezr8,0.48,0.49,0.42,0.49,0.46,0.49,0.5,0.31,0.3,0.45,0.15,0.49,0.49
ID_rmqkvjjg,0.45,0.46,0.09,0.29,0.46,0.29,0.45,0.17,0.18,0.28,0.12,0.45,0.29
ID_rp8cvcvn,0.48,0.45,0.14,0.43,0.28,0.46,0.48,0.42,0.28,0.46,0.3,0.47,0.44
ID_rpukwa6k,0.48,0.46,0.04,0.42,0.29,0.46,0.46,0.23,0.43,0.31,0.13,0.45,0.44
ID_rs8bnum9,0.49,0.46,0.03,0.27,0.17,0.29,0.48,0.27,0.16,0.28,0.06,0.46,0.47
ID_rsi7aqtq,0.28,0.29,0.15,0.17,0.29,0.17,0.43,0.08,0.17,0.17,0.26,0.3,0.18
ID_ruw3zg3l,0.47,0.47,0.17,0.48,0.47,0.47,0.47,0.3,0.45,0.46,0.15,0.48,0.48
ID_rx32w85r,0.45,0.46,0.08,0.29,0.46,0.29,0.45,0.2,0.16,0.28,0.05,0.44,0.28
ID_rzfq6qw4,0.45,0.46,0.26,0.29,0.46,0.29,0.45,0.18,0.27,0.29,0.08,0.45,0.28
ID_s17bf9p5,0.46,0.46,0.15,0.29,0.46,0.29,0.45,0.15,0.27,0.29,0.23,0.45,0.29
ID_s2u36wmd,0.3,0.3,0.2,0.48,0.47,0.34,0.31,0.16,0.16,0.29,0.08,0.31,0.31
ID_s6cndib3,0.46,0.46,0.04,0.44,0.46,0.28,0.47,0.26,0.04,0.44,0.04,0.45,0.28
ID_s796tw3d,0.47,0.44,0.04,0.3,0.29,0.46,0.47,0.28,0.43,0.31,0.18,0.47,0.45
ID_s94mv40f,0.46,0.47,0.11,0.44,0.46,0.49,0.47,0.24,0.16,0.47,0.08,0.44,0.47
ID_sa1uy9hp,0.48,0.47,0.27,0.31,0.46,0.48,0.49,0.18,0.4,0.46,0.08,0.46,0.46
ID_sbcsd864,0.31,0.29,0.08,0.45,0.29,0.31,0.46,0.3,0.29,0.46,0.17,0.47,0.32
ID_sdmoma60,0.45,0.47,0.05,0.3,0.46,0.31,0.46,0.09,0.31,0.28,0.26,0.28,0.18
ID_sgg33ny1,0.49,0.45,0.1,0.29,0.16,0.31,0.49,0.26,0.26,0.3,0.1,0.47,0.48
ID_spqicunw,0.45,0.47,0.09,0.18,0.46,0.32,0.44,0.06,0.09,0.29,0.04,0.45,0.17
ID_sq1ounw8,0.49,0.45,0.09,0.31,0.28,0.31,0.5,0.31,0.26,0.28,0.05,0.47,0.49
ID_sql7cdze,0.47,0.46,0.03,0.3,0.28,0.16,0.49,0.29,0.15,0.29,0.16,0.46,0.5
ID_sqm7k2o3,0.48,0.46,0.03,0.27,0.17,0.29,0.48,0.24,0.18,0.3,0.14,0.46,0.5
ID_srthzuvc,0.47,0.29,0.1,0.18,0.17,0.3,0.5,0.17,0.1,0.16,0.05,0.47,0.33
ID_srxy6cbx,0.29,0.48,0.05,0.19,0.48,0.3,0.45,0.1,0.46,0.3,0.08,0.29,0.3
ID_ssu8xc7a,0.47,0.47,0.11,0.29,0.29,0.3,0.49,0.15,0.27,0.29,0.15,0.46,0.5
ID_sv9dt7a0,0.49,0.45,0.09,0.29,0.16,0.29,0.51,0.26,0.15,0.29,0.1,0.48,0.31
ID_svc7f8bz,0.49,0.45,0.1,0.29,0.17,0.3,0.5,0.25,0.15,0.3,0.29,0.47,0.49
ID_sza70nsf,0.48,0.45,0.16,0.31,0.45,0.47,0.48,0.28,0.28,0.3,0.14,0.48,0.45
ID_t020ha88,0.46,0.46,0.08,0.17,0.46,0.29,0.45,0.19,0.09,0.28,0.08,0.44,0.29
ID_t17jj1ry,0.46,0.46,0.05,0.3,0.45,0.29,0.45,0.17,0.28,0.3,0.27,0.45,0.46
ID_t1b2rj8j,0.46,0.47,0.09,0.17,0.45,0.47,0.46,0.15,0.29,0.44,0.13,0.28,0.29
ID_t3feen5h,0.49,0.47,0.03,0.27,0.17,0.29,0.49,0.24,0.27,0.3,0.07,0.45,0.48
ID_t8cib46m,0.46,0.48,0.1,0.3,0.45,0.47,0.46,0.17,0.42,0.45,0.27,0.45,0.47
ID_teccz83z,0.49,0.45,0.1,0.19,0.29,0.32,0.5,0.15,0.28,0.17,0.08,0.31,0.5
ID_tepr14vb,0.45,0.46,0.15,0.28,0.45,0.3,0.47,0.27,0.28,0.3,0.13,0.44,0.29
ID_texgjkzv,0.49,0.45,0.03,0.29,0.17,0.29,0.5,0.14,0.27,0.18,0.27,0.48,0.48
ID_tgmke5kx,0.46,0.48,0.28,0.45,0.45,0.47,0.46,0.17,0.42,0.45,0.09,0.45,0.45
ID_theu43kb,0.47,0.47,0.1,0.17,0.29,0.28,0.48,0.18,0.26,0.28,0.05,0.44,0.5
ID_tjihqued,0.47,0.47,0.11,0.29,0.29,0.3,0.49,0.17,0.26,0.29,0.15,0.46,0.51
ID_tju8u5tl,0.49,0.45,0.1,0.29,0.16,0.3,0.5,0.25,0.15,0.3,0.32,0.47,0.49
ID_tm2nsxfj,0.48,0.46,0.05,0.3,0.29,0.31,0.49,0.14,0.09,0.29,0.04,0.47,0.49
ID_tpguzdfg,0.49,0.46,0.02,0.27,0.16,0.29,0.48,0.25,0.27,0.29,0.05,0.45,0.48
ID_tqt6thdz,0.49,0.45,0.13,0.32,0.29,0.33,0.5,0.14,0.16,0.17,0.04,0.49,0.33
ID_tqxtykds,0.46,0.45,0.25,0.29,0.46,0.3,0.45,0.28,0.16,0.29,0.13,0.46,0.28
ID_tu4743r9,0.47,0.46,0.04,0.27,0.29,0.45,0.46,0.26,0.32,0.3,0.09,0.44,0.46
ID_u24yokj0,0.31,0.28,0.1,0.18,0.3,0.18,0.32,0.05,0.15,0.09,0.08,0.3,0.2
ID_u2tnghpe,0.46,0.45,0.17,0.46,0.45,0.3,0.46,0.16,0.26,0.45,0.26,0.45,0.46
ID_u3blcuma,0.46,0.46,0.16,0.29,0.46,0.29,0.45,0.3,0.26,0.29,0.05,0.45,0.29
ID_ubzezfte,0.45,0.46,0.08,0.1,0.46,0.29,0.45,0.06,0.28,0.16,0.05,0.44,0.28
ID_uedd9bug,0.45,0.46,0.16,0.29,0.47,0.32,0.46,0.17,0.45,0.43,0.13,0.44,0.18
ID_ugq7up8w,0.48,0.46,0.05,0.17,0.29,0.31,0.49,0.16,0.15,0.29,0.1,0.45,0.51
ID_uiyn0b2l,0.49,0.46,0.06,0.17,0.16,0.3,0.49,0.26,0.16,0.29,0.09,0.29,0.48
ID_ukzqtxuf,0.48,0.47,0.03,0.18,0.28,0.29,0.5,0.17,0.16,0.28,0.05,0.46,0.5
ID_urkqqvp5,0.47,0.46,0.29,0.46,0.46,0.48,0.48,0.42,0.43,0.47,0.09,0.46,0.45
ID_uryc44wz,0.49,0.46,0.11,0.31,0.29,0.33,0.52,0.26,0.3,0.29,0.14,0.48,0.5
ID_usiouenc,0.48,0.46,0.19,0.44,0.3,0.46,0.47,0.26,0.15,0.47,0.28,0.47,0.46
ID_v2nf9va4,0.47,0.45,0.05,0.16,0.29,0.17,0.47,0.15,0.15,0.16,0.09,0.45,0.32
ID_v83kpk5f,0.46,0.46,0.09,0.17,0.46,0.48,0.45,0.15,0.44,0.29,0.07,0.29,0.3
ID_ve4iti6g,0.46,0.47,0.09,0.29,0.46,0.47,0.47,0.19,0.44,0.44,0.15,0.45,0.45
ID_vfcxyhf6,0.47,0.46,0.06,0.17,0.29,0.3,0.5,0.14,0.29,0.28,0.03,0.46,0.33
ID_vfh7y78z,0.49,0.45,0.05,0.27,0.16,0.29,0.48,0.23,0.26,0.29,0.04,0.45,0.48
ID_vgok1p7e,0.46,0.46,0.4,0.29,0.45,0.46,0.48,0.3,0.42,0.29,0.28,0.47,0.29
ID_vgugptxd,0.46,0.45,0.17,0.1,0.29,0.29,0.46,0.1,0.27,0.17,0.16,0.46,0.29
ID_vi98x9it,0.45,0.47,0.17,0.29,0.45,0.48,0.46,0.05,0.44,0.44,0.13,0.46,0.29
ID_viowd5w9,0.46,0.49,0.06,0.18,0.46,0.47,0.46,0.19,0.29,0.45,0.15,0.28,0.46
ID_vor6tn4c,0.49,0.46,0.03,0.28,0.16,0.29,0.47,0.26,0.16,0.29,0.05,0.46,0.48
ID_vp1s3z4t,0.46,0.47,0.1,0.45,0.45,0.45,0.47,0.44,0.43,0.45,0.05,0.44,0.46
ID_vqayx3g2,0.48,0.47,0.06,0.31,0.29,0.33,0.51,0.15,0.27,0.29,0.07,0.47,0.5
ID_vtcrenjg,0.49,0.46,0.04,0.27,0.16,0.29,0.48,0.25,0.27,0.29,0.05,0.45,0.48
ID_vtdycfd1,0.45,0.46,0.15,0.28,0.46,0.3,0.46,0.26,0.27,0.3,0.24,0.45,0.29
ID_vten148r,0.49,0.47,0.01,0.27,0.17,0.29,0.48,0.25,0.18,0.29,0.05,0.28,0.49
ID_vu5ya5sr,0.47,0.46,0.06,0.18,0.3,0.3,0.5,0.14,0.09,0.17,0.07,0.46,0.34
ID_vv1wov5z,0.48,0.46,0.05,0.29,0.28,0.3,0.5,0.26,0.27,0.28,0.08,0.46,0.5
ID_vx52q7s0,0.49,0.47,0.18,0.31,0.3,0.32,0.52,0.28,0.28,0.29,0.14,0.48,0.5
ID_vx8ynlrb,0.46,0.45,0.08,0.27,0.46,0.29,0.45,0.28,0.3,0.3,0.06,0.44,0.3
ID_vxoa778b,0.3,0.45,0.08,0.16,0.29,0.17,0.48,0.15,0.17,0.17,0.07,0.44,0.32
ID_vznrei19,0.44,0.16,0.13,0.17,0.18,0.18,0.44,0.11,0.17,0.16,0.16,0.44,0.18
ID_w1oozka1,0.49,0.47,0.34,0.32,0.3,0.32,0.51,0.17,0.27,0.3,0.15,0.48,0.51
ID_w22qev1k,0.45,0.46,0.08,0.28,0.46,0.29,0.45,0.15,0.28,0.29,0.26,0.45,0.29
ID_w99v9r1d,0.49,0.46,0.32,0.32,0.3,0.31,0.51,0.16,0.28,0.3,0.14,0.49,0.51
ID_w9pafl93,0.49,0.46,0.06,0.17,0.29,0.31,0.51,0.16,0.16,0.17,0.14,0.3,0.5
ID_wa3pp4j4,0.46,0.46,0.05,0.17,0.29,0.17,0.48,0.15,0.15,0.17,0.13,0.46,0.32
ID_wbdsgip0,0.48,0.47,0.02,0.3,0.29,0.32,0.49,0.24,0.05,0.3,0.02,0.45,0.51
ID_wcblwrl3,0.32,0.3,0.05,0.29,0.16,0.19,0.5,0.07,0.15,0.3,0.04,0.47,0.33
ID_whar3up2,0.49,0.44,0.05,0.29,0.17,0.29,0.5,0.29,0.26,0.29,0.19,0.47,0.48
ID_whoo7ohn,0.46,0.45,0.16,0.45,0.46,0.46,0.45,0.44,0.17,0.45,0.12,0.45,0.46
ID_whv437ob,0.49,0.46,0.06,0.29,0.16,0.3,0.49,0.26,0.16,0.29,0.05,0.3,0.47
ID_wi4iacqy,0.48,0.47,0.01,0.28,0.29,0.32,0.49,0.22,0.08,0.29,0.04,0.45,0.51
ID_wi6nh2ds,0.48,0.45,0.02,0.17,0.16,0.29,0.48,0.17,0.16,0.29,0.06,0.47,0.48
ID_wpjnoecy,0.45,0.44,0.06,0.3,0.46,0.17,0.44,0.16,0.16,0.29,0.08,0.45,0.3
ID_wpkpanfd,0.48,0.46,0.05,0.3,0.28,0.3,0.5,0.25,0.28,0.28,0.16,0.47,0.5
ID_wtf1vhjh,0.48,0.46,0.03,0.28,0.16,0.29,0.48,0.15,0.27,0.29,0.1,0.47,0.48
ID_wz92zfhd,0.47,0.46,0.05,0.09,0.29,0.3,0.49,0.09,0.27,0.16,0.08,0.45,0.33
ID_x43ne9hf,0.46,0.48,0.19,0.46,0.45,0.47,0.46,0.16,0.27,0.45,0.14,0.47,0.3
ID_x49pswzu,0.48,0.45,0.09,0.3,0.28,0.3,0.5,0.15,0.26,0.28,0.05,0.47,0.5
ID_xcr97aiu,0.49,0.46,0.05,0.27,0.17,0.29,0.49,0.25,0.29,0.3,0.07,0.45,0.48
ID_xee1a5f3,0.46,0.46,0.17,0.48,0.46,0.31,0.45,0.2,0.42,0.45,0.27,0.44,0.31
ID_xf2obhxd,0.45,0.44,0.14,0.29,0.45,0.29,0.45,0.29,0.27,0.29,0.09,0.45,0.29
ID_xiqsruy4,0.48,0.46,0.05,0.28,0.16,0.29,0.48,0.25,0.29,0.29,0.3,0.46,0.49
ID_xjt60rgu,0.48,0.47,0.13,0.32,0.3,0.31,0.51,0.08,0.26,0.29,0.05,0.47,0.51
ID_xk77dp70,0.49,0.44,0.05,0.28,0.16,0.29,0.48,0.26,0.26,0.29,0.06,0.47,0.47
ID_xmtv3qil,0.48,0.46,0.07,0.18,0.29,0.3,0.5,0.07,0.27,0.27,0.03,0.45,0.33
ID_xpi4zfh5,0.48,0.45,0.16,0.3,0.28,0.3,0.5,0.15,0.27,0.28,0.14,0.46,0.5
ID_xs3kt2zq,0.47,0.46,0.09,0.3,0.29,0.29,0.49,0.31,0.29,0.28,0.16,0.48,0.5
ID_xtolt1ju,0.48,0.46,0.05,0.29,0.27,0.3,0.5,0.26,0.27,0.28,0.05,0.46,0.5
ID_xvj57ncf,0.49,0.45,0.05,0.17,0.17,0.29,0.5,0.16,0.26,0.17,0.1,0.46,0.48
ID_xvjgzbjz,0.45,0.29,0.13,0.17,0.29,0.29,0.45,0.11,0.17,0.28,0.16,0.45,0.29
ID_xygzrn3w,0.46,0.48,0.08,0.3,0.45,0.45,0.47,0.21,0.43,0.45,0.1,0.45,0.45
ID_xz1psdrp,0.48,0.46,0.01,0.16,0.17,0.29,0.47,0.08,0.28,0.29,0.02,0.44,0.49
ID_xz7r1y3i,0.49,0.45,0.05,0.31,0.29,0.31,0.5,0.18,0.28,0.28,0.04,0.46,0.49
ID_y0hms2vo,0.48,0.45,0.14,0.44,0.29,0.46,0.48,0.42,0.43,0.47,0.43,0.46,0.45
ID_y16me99m,0.49,0.46,0.05,0.19,0.29,0.33,0.51,0.18,0.17,0.28,0.05,0.48,0.5
ID_y29p9yyp,0.47,0.45,0.25,0.45,0.44,0.47,0.48,0.26,0.45,0.45,0.15,0.45,0.46
ID_y3uex7u7,0.48,0.45,0.16,0.29,0.27,0.31,0.49,0.15,0.27,0.28,0.09,0.46,0.49
ID_y50rhdpt,0.49,0.47,0.01,0.28,0.16,0.29,0.48,0.14,0.27,0.29,0.04,0.45,0.48
ID_y7cg0h0t,0.49,0.45,0.06,0.32,0.28,0.33,0.51,0.08,0.28,0.29,0.04,0.47,0.5
ID_ye8e8a04,0.48,0.47,0.05,0.44,0.29,0.48,0.47,0.43,0.28,0.47,0.04,0.44,0.43
ID_yfhdjd94,0.31,0.3,0.03,0.45,0.29,0.31,0.48,0.23,0.27,0.48,0.04,0.46,0.31
ID_yiuf4ciq,0.46,0.46,0.14,0.43,0.44,0.3,0.46,0.43,0.26,0.45,0.27,0.46,0.46
ID_yjfu314f,0.49,0.47,0.03,0.29,0.17,0.29,0.49,0.13,0.28,0.3,0.08,0.46,0.5
ID_ys7e9dk7,0.49,0.46,0.03,0.17,0.17,0.17,0.47,0.12,0.28,0.18,0.04,0.29,0.32
ID_ytxvglcg,0.47,0.48,0.03,0.29,0.29,0.3,0.49,0.14,0.08,0.28,0.07,0.29,0.5
ID_yx783cz2,0.47,0.45,0.09,0.45,0.46,0.47,0.46,0.29,0.43,0.44,0.15,0.46,0.45
ID_z82ek7ox,0.48,0.46,0.08,0.29,0.29,0.47,0.48,0.28,0.43,0.47,0.18,0.46,0.44
ID_z9dug8w5,0.3,0.45,0.08,0.17,0.29,0.17,0.48,0.15,0.17,0.17,0.07,0.44,0.32
ID_zadeqjr4,0.49,0.45,0.1,0.29,0.16,0.3,0.5,0.26,0.27,0.3,0.1,0.47,0.48
ID_zaini8bb,0.46,0.47,0.17,0.3,0.45,0.46,0.46,0.18,0.43,0.45,0.09,0.46,0.47
ID_zc9wpyzd,0.46,0.47,0.08,0.28,0.45,0.48,0.47,0.26,0.47,0.45,0.12,0.44,0.3
ID_zctomin6,0.49,0.47,0.01,0.27,0.16,0.29,0.48,0.13,0.28,0.29,0.05,0.45,0.48
ID_zd0dzfk0,0.49,0.46,0.1,0.33,0.3,0.31,0.51,0.11,0.15,0.29,0.02,0.47,0.5
ID_zflauo1f,0.32,0.3,0.03,0.47,0.3,0.31,0.48,0.29,0.16,0.47,0.04,0.45,0.3
ID_zk5n1y26,0.44,0.29,0.05,0.15,0.29,0.29,0.45,0.15,0.09,0.29,0.12,0.28,0.3
ID_zlu4bt93,0.46,0.45,0.06,0.09,0.29,0.16,0.46,0.05,0.16,0.16,0.04,0.45,0.32
ID_zlz39q6l,0.48,0.46,0.45,0.5,0.46,0.48,0.49,0.18,0.27,0.45,0.04,0.49,0.32
ID_zodyw6bs,0.48,0.46,0.1,0.3,0.28,0.3,0.5,0.26,0.28,0.29,0.24,0.47,0.5
ID_zqi8lti6,0.47,0.48,0.02,0.43,0.29,0.45,0.47,0.4,0.29,0.47,0.29,0.44,0.45
ID_zuxzumjb,0.31,0.17,0.08,0.3,0.29,0.32,0.48,0.15,0.16,0.31,0.09,0.46,0.32
ID_zvnveabu,0.48,0.47,0.03,0.28,0.17,0.29,0.47,0.15,0.15,0.29,0.16,0.46,0.49
ID_zvole537,0.46,0.48,0.08,0.31,0.45,0.46,0.47,0.22,0.29,0.45,0.18,0.46,0.46
ID_zy4igt1w,0.45,0.45,0.16,0.29,0.46,0.29,0.45,0.3,0.26,0.29,0.08,0.45,0.29
ID_zy4urqmq,0.47,0.45,0.15,0.17,0.29,0.17,0.48,0.15,0.15,0.16,0.08,0.46,0.32
ID_zym0pkxl,0.46,0.45,0.14,0.3,0.46,0.32,0.46,0.09,0.28,0.44,0.07,0.45,0.17
ID_zz7zds1s,0.29,0.45,0.08,0.18,0.46,0.17,0.44,0.1,0.28,0.17,0.04,0.3,0.1
